id,question,GPT4 DEC 2023,GPT4 JUN 2024,OBSERVATIONS
1,I am a patient with neovascular age-related macular degeneration in the right eye: when should I contact you as a matter of urgency?,"As a medical assistant,  <span style=""color:magenta"">I strongly suggest you get in touch with your healthcare provider under these circumstances:</span>

 <span style=""color:blluw"">1. Sudden worsening in your vision, or if you notice a drastic change in the quality of your vision.</spn>

 <span style=""color:orange"">2. You see shadows, dark spots or areas</span>,  <span style=""color:purple""> or wavy or distorted vision.</span>

3. If you notice a rapid increase in floaters or flashes.

 <span style=""color:green"">4. Other sudden changes like pain or redness in your eyes.</span>

5. Difficulty adjusting to low light levels, sensitivity to bright light,  <span style=""color:brown"">or loss of color perception.</span>

 <span style=""color:red"">These conditions might indicate that your neovascular age-related macular degeneration (AMD) is progressing, or that you are experiencing another ocular issue that needs to be evaluated. Keep in mind that this is not an all-inclusive list and that you should always contact your healthcare provider if you have any worries about your vision or eye health. If you're unable to reach them, please seek attention at an urgent care or emergency room.</span>","As a patient with neovascular age-related macular degeneration, it's crucial to be alert for any changes or worsening in your symptoms.  <span style=""color:magenta"">Here are a few situations when you should contact your healthcare provider immediately:</span>

 <span style=""color:blue"">1. If you experience a sudden or rapid increase in blurriness or loss of vision.</span>

 <span style=""color:purple"">2. If you start to see straight lines as wavy.</span>

 <span style=""color:orange"">3. If you notice new gray </span>or blank  <span style=""color:orange"">spots in your field of view.</span>

 <span style=""color:brown"">4. Any noticeable change in your color perception.</span>

5. If the size of objects appear different for each eye.

 <span style=""color:green"">6. If eyes become red, painful</span>, swollen or if you experience excessive discharge.

 <span style=""color:red"">Remember, these might indicate a potential worsening of your condition or a complication, and it's important to seek medical attention promptly. Always follow your doctor's instructions and advice about your medical condition. However, this doesn't include emergencies, sudden severe vision loss or sudden onset of eye pain where you should go to the emergency room immediately.</span>","The points that are most important are mentioned by both models. Each answer has some extra piece of information that could complete the other one. The model from June describes the symptoms more precisely and insists on the new onset of these symptoms, that should prompt an urgent consultation."
,,,,
,,,,
,,,,
,,,,
,,,,
,,,,
,,,,
,,,,
2,I am a patient with neovascular age-related macular degeneration in the right eye: I have recently changed my reading glasses but I still canâ€™t read. Are there any other solutions?,"<span style=""color:magenta"">I'm sorry to hear about your difficulty with reading. Neovascular age-related macular degeneration (AMD) can indeed make tasks like reading difficult.</span>  <span style=""color:purple"">While changing your glasses can help with typical vision issues, AMD is a condition that affects the macula, the part of your eye responsible for sharp, central vision.</span>

<span style=""color:green"">I recommend seeing a low vision specialist, if you haven't already. These are professionals who can help you maximize your remaining vision and advise on various assistive devices.</span>

<span style=""color:blue"">Visual aids such as magnifiers</span>, large-print materials, high-contrast reading materials, <span style=""color:blue"">electronic reading aids</span>, etc., might be helpful. You might also consider occupational therapy, where a therapist can show you new ways of doing tasks.

<span style=""color:brown"">Talk to your ophthalmologist about potential treatments. This may include injecting medications into the eye to slow the disease progression, photodynamic therapy, or laser surgery, however, these treatments vary based on the individual's circumstances.</span>

<span style=""color:red"">In addition, I would advise discussing your specific symptoms with your eye doctor as well to fully evaluate your condition and needs. Please remember that this advice is intended to be general in nature, and specific causes may require different treatments. Consulting with your healthcare provider is always the best course of action.</span>","<span style=""color:magenta"">I'm sorry to hear about your difficulties. Neovascular age-related macular degeneration (nAMD) is a condition that can severely affect your central vision, which is important for tasks like reading. </span><span style=""color:purple"">Glasses correct refractive errors but won't be helpful in case of conditions like AMD which cause damage at the level of the retina, not a focusing problem.</span> <span style=""color:green""> You might require some other strategies to help you read.</span>

<span style=""color:blue"">Low vision aids</span>, such as high-powered reading glasses, <span style=""color:blue"">magnifying glasses</span>, or <span style=""color:blue"">electronic video magnifiers could be beneficial.</span> You can also consider assistive technologies such as text-to-speech reading machines and software.

Rehabilitation sessions with vision therapists can teach you new skills to compensate for your vision loss. These can include learning how to use the peripheral vision more effectively.

<span style=""color:red"">However, these are suggestions and you should consult with your ophthalmologist</red> <span style=""color:green"">or a low vision specialist</span><span style=""color:red""> for personalized advice based on your condition. They can guide you on what solution will work best for you.</span> <span style=""color:brown""> It's also crucial that you continue your prescribed treatment for nAMD to manage your condition and try to prevent further vision loss.</span>",The points that are most important are mentioned by both models. Each answer has some extra piece of information that could complete the other one. The model from June  makes a clear difference between a refractive error that can be corrected with glasses and AMD.
,,,,
,,,,
,,,,
,,,,
,,,,
,,,,
,,,,
,,,,
,,,,
,,,,
,,,,
,,,,
3,I am a patient with neovascular age-related macular degeneration (nAMD) in the right eye: are there any experimental treatments for nAMD?,"<span style=""color:magenta"">There are always potential new treatments being researched and explored.</span> <span style=""color:purple""> In terms of experimental treatments for neovascular age-related macular degeneration, there may be ongoing clinical studies looking into innovative therapies such as gene therapy, stem cell therapy, new proteins or peptides aimed at controlling the growth and leakage of blood vessels, and new methods of drug delivery like slow-release drug implants.</span>

<span style=""color:green"">However, the experimental nature of these treatments means that they are not yet widely available and their effectiveness and safety are still being evaluated.</span> <span style=""color:brown""> It's vital to talk to your doctor or ophthalmologist about what treatment options may be right for you, including any potential participation in clinical trials.</span>

<span style=""color:red"">Always ensure that you have a full understanding of the potential benefits, risks,</span> costs, <span style=""color:red"">and timeline associated with any experimental treatment, and ask all questions necessary to gather complete and comprehensive information. Your medical team is there to provide personal medical advice based on your specific needs and circumstances.</span>","<span style=""color:magenta"">Experimental treatments for neovascular age-related macular degeneration (nAMD) are often under clinical trials and may change frequently as new scientific developments emerge.</span> <span style=""color:brown""> It's always a good idea to discuss your treatment options with your healthcare provider or ophthalmologist who can provide personalized recommendations based on the latest research, your overall health, and individual needs.</span>

<span style=""color:purple"">Newer therapies are also being explored like gene therapy, stem cell therapy, newer anti-VEGF medications, and slow-release drug delivery systems to reduce the frequency of intravitreal injections.</span> <span style=""color:green""> However, these are still in the experimental phase, with ongoing trials to determine their effectiveness and safety profiles.</span>

<span style=""color:red"">Please remember to always consult with your healthcare provider before making decisions about experimental treatment options, as they may come with additional risks and side effects. It's crucial for your doctor to weigh the potential benefits against these risks and consider your specific clinical scenario to make the best decision.</span>",The points that are most important are mentioned by both models. Each answer has some extra piece of information that could complete the other one.
,,,,
,,,,
,,,,
,,,,
,,,,
,,,,
,,,,
,,,,
,,,,
,,,,
,,,,
,,,,
,,,,
,,,,
,,,,
,,,,
4,"I am a patient with neovascular age-related macular degeneration in the right eye who had sudden loss of vision two weeks ago, without prior treatment with 20/60 vision: what are the success rates of the treatment?","<span style=""color:magenta"">Treatment of neovascular age-related macular degeneration, commonly with anti-vascular endothelial growth factor (anti-VEGF) injections, has shown significant success rates in terms of slowing disease progression and stabilizing vision. </span> <span style=""color:purple"">However, the success rates can vary between patients, and not everyone may experience improvement.</span><span style=""color:green""> Some studies show that approximately one-third of patients have improved vision, one-third have stabilized vision and one-third continue to lose vision despite treatment.</span>

<span style=""color:orange"">Keep in mind, the timing of treatment initiation can also influence the outcome;</span> earlier treatment typically leads to better results. However, given that your loss of vision occurred recently (two weeks ago), there might still be a good chance for successful treatment. <span style=""color:red"">It's very important to discuss these specifics with your healthcare provider or ophthalmologist, as they will be able to provide you with the most accurate information based on your personal medical history and condition.</span>","<span style=""color:magenta"">Treatment for neovascular age-related macular degeneration (AMD) often involves therapies known as anti-VEGF injections,</span> which can significantly reduce the amount of fluid leakage and blood vessel growth in the retina.<span style=""color:magenta""> This can subsequently improve or at least halt the progression of vision loss prompts by the disease.</span><span style=""color:purple""> However, success rates can vary greatly from person to person and depend on several factors.</span>

Factors that influence treatment success include:

1. Stage of the disease at the time of diagnosis <span style=""color:orange"">and treatment initiation.</span>
2. How rapidly and intensely the individual's condition is progressing.
3. The individual's general health and other existing conditions.
4. Compliance with the treatment regimen.
<span style=""color:green"">Several studies indicate that with anti-VEGF treatments, around one-third of individuals with neovascular AMD experience significant vision improvement. Another third maintain their current levels of vision, and the final, unfortunate, third will continue to experience a degree of vision loss despite treatment.</span>

It's essential to have regular follow-ups and to closely follow your healthcare provider's treatment plan. If the loss of vision was sudden and severe, prompt evaluation and treatment are crucial. Remember that while these statistics provide a general sense of treatment outcomes, every person's experience with this disease can differ greatly. <span style=""color:red"">Always consult with your healthcare provider for the most accurate and personalised information.</span>",The points that are most important are mentioned by both models. Each answer has some extra piece of information that could complete the other one. The model from June mentions the factors that might influence the treatment succes.
,,,,
,,,,
,,,,
,,,,
,,,,
,,,,
,,,,
,,,,
,,,,
,,,,
,,,,
,,,,
,,,,
,,,,
,,,,
,,,,
5,I am a patient with neovascular age-related macular degeneration in the right eye with 20/50 vision and geographic atrophy in the left eye with 20/200 vision: should I be driving?,"<span style=""color:purple"">As an assistant, I can tell you that vision and driving safety are definitely connected. Poor vision can make it more difficult to handle tasks essential to driving, such as reading signs or seeing pedestrians.</span><span style=""color:green""> Your visual acuity is below the standard driving requirement in many places, which is typically 20/40 vision.</span><span style=""color:magenta""> However, licensing regulations vary from location to location.</span>

<span style=""color:red"">Generally, it's recommended to discuss your specific situation with your eye doctor. They can provide advice tailored to your specific situation and they may be able to recommend resources to assess your driving safety and provide adjustments (such as specialized eyewear) that may help.</span> Also, regular eye examinations will be important to keep track of any changes in your vision. Safety should always be your top priority.","<span style=""color:magenta"">Specific legal requirements for driving vision vary by individual states or countries, so it would be good for you to check your local regulations.</span> <span style=""color:purple"">However, it's important to note that driving with severe visual impairments such as yours may significantly increase the risk of accidents and could potentially put you and others at risk.</span>

<span style=""color:green"">Generally, the minimum visual acuity for driving without restrictions is 20/40 in most of the US,</span> and many states require a visual acuity of at least 20/100 or 20/70 for restricted (daytime-only) driving.

<span style=""color:red"">Considering your current condition, it would be best to discuss this with your ophthalmologist</span> and potentially a local driving assessment center. <span style=""color:red"">They may recommend adaptive strategies or supportive devices to help you maintain mobility and independence as safely as possible.</span>",The points that are most important are mentioned by both models. Each answer has some extra piece of information that could complete the other one. The model from June insists on the awareness of the risks involved by driving with severe visual impairment.
,,,,
,,,,
,,,,
,,,,
,,,,
,,,,
,,,,
,,,,
,,,,
,,,,
,,,,
,,,,
,,,,
,,,,
,,,,
,,,,
6,I am a patient with geographic atrophy in the right eye: am I going to become blind?,"<span style=""color:magenta"">Geographic atrophy is the advanced stage of age-related macular degeneration (AMD), a disease that can cause severe vision loss, particularly central vision.</span> The condition can make it difficult to read, drive, recognize faces, and perform other tasks that require fine visual detail.

<span style=""color:purple"">However, it does not always result in total blindness, as peripheral vision is often not affected.</span> The progression of geographic atrophy varies significantly from person to person - some may lose vision slowly over many years, while others might experience a more rapid loss.

<span style=""color:blue"">Currently, there is no cure for geographic atrophy, but researchers are actively working to find treatments. </span>Options currently being studied include complement inhibitors, visual cycle modulators, neuroprotection agents, and regenerative medicines such as stem cell therapy.

<span style=""color:red"">Please follow your eye doctor's instructions closely and keep regular appointments to monitor the condition. </span>Also, remember that support and resources are available to help those experiencing vision loss.","<span style=""color:magenta"">Geographic atrophy is a type of advanced age-related macular degeneration (AMD) that can significantly impact central vision and force the individual to rely more on peripheral vision.</span> <span style=""color:purple"">Complete blindness is rare with this condition, but significant visual impairment can happen due to the loss of central vision. </span>Early detection and management can help slow progression, but presently, <span style=""color:blue"">there are no proven treatments that can fully reverse or stop the condition. </span> <span style=""color:red"">It's important to have regular eye check-ups and follow your eye specialist's instructions.</span> If you're concerned about future vision loss, speak with your doctor about what to expect and any potential treatment options.",The points that are most important are mentioned by both models. Each answer has some extra piece of information that could complete the other one. Both answers fail to mention the medication pegcetacoplan for GA.
,,,,
,,,,
,,,,
,,,,
,,,,
,,,,
,,,,
,,,,
,,,,
,,,,
,,,,
,,,,
,,,,
,,,,
,,,,
,,,,
7,I am a patient with geographic atrophy in the right eye: am I going to experience any pain?,"
<span style=""color:magenta"">Geographic atrophy, a type of advanced dry age-related macular degeneration, typically doesn't cause any pain.</span><span style=""color:purple""> The condition primarily affects your central vision, causing you to experience visual symptoms such as blurry or distorted vision, difficulty recognizing faces,</span> or seeing dark or empty areas in the center of your vision. <span style=""color:red"">If you're experiencing pain, it may be due to another condition and you should consult your eye care professional right away.</span>","
<span style=""color:magenta"">Geographic atrophy is an advanced form of age-related macular degeneration (AMD),</span> <span style=""color:purple""> which causes gradual loss of the central vision.</span><span style=""color:magenta""> Generally, geographic atrophy is not associated with pain.</span> <span style=""color:purple""> However, the progression of the condition can lead to significant visual impairment, including difficulties with reading, recognizing faces,</span> and seeing in detail. You may also experience issues such as difficulty adapting to changes in lighting or needing more light to see clearly, which can be a bother. This condition generally does not affect peripheral or side vision. <span style=""color:red"">If you're noticing any changes in your vision, or if you have any concerns at all, it's important to discuss them with your ophthalmologist.</span> They may be able to provide treatments to slow the progression of the disease, offer recommendations for living with the vision loss, or refer you to low vision specialists for further help.","The points that are most important are mentioned by both models. Each answer has some extra piece of information that could complete the other one. The model from December mentions the urgency, that if pain appears, the patient should be seen ""right away""."
,,,,
,,,,
,,,,
,,,,
,,,,
,,,,
,,,,
,,,,
,,,,
,,,,
,,,,
,,,,
,,,,
,,,,
,,,,
,,,,
8,I am a patient with neovascular age-related macular degeneration in the right eye: what should I do if my sight changes?,"<span style=""color:magenta"">If you experience any changes in your vision, it's important to contact your ophthalmologist or healthcare provider as soon as possible. Changes in vision could be an indication that your neovascular age-related macular degeneration (AMD) may be progressing or that there may be other issues needing attention. </span> <span style=""color:green"">Your doctor may perform a comprehensive eye exam to evaluate these changes</span> or <span style=""color:purple"">may want to adjust your existing treatment plan. </span>Don't ignore any changes, even if they seem minor. Early intervention is key to preventing further vision loss. <span style=""color:red"">Ultimately, your medical professional will know best based on your individual health profile and history. Please stay in touch with them and follow their guidance carefully.</span>","<span style=""color:magenta"">If you experience any changes in your sight, you should contact your eye care specialist immediately. Changes could be a sign that your condition is progressing, or it could indicate that there are other underlying issues that need to be addressed. </span> This might include new or increasing difficulty with reading, recognizing faces, or distinguishing between different colors, or you might notice a dark area or 'blind spot' in your central vision. <span style=""color:green"">Either way, it's essential to have these changes evaluated quickly to possibly prevent further deterioration.</span> <span style=""color:purple""> They may need to update your treatment plan or provide interventions to manage the symptoms. </span> <span style=""color:red"">Please don't hesitate to reach out to your healthcare professional as soon as you notice any changes.</span>",The points that are most important are mentioned by both models. Each answer has some extra piece of information that could complete the other one.
,,,,
,,,,
,,,,
,,,,
,,,,
,,,,
,,,,
,,,,
,,,,
,,,,
,,,,
,,,,
,,,,
,,,,
,,,,
,,,,
9,"I am a patient with neovascular age-related macular degeneration in the right eye: taking the following medication: levodopa, atorvastatin. Do my current medications affect disease progression?","
As a medical assistant, it's not within my area of expertise to advise on how your current medications may or may not affect the progression of your neovascular age-related macular degeneration. <span style=""color:magenta"">From what is known, Levodopa is typically used in the treatment of Parkinson's disease and atorvastatin is used to lower cholesterol levels, neither of which is directly known to be involved in the progression or treatment of neovascular age-related macular degeneration.</span>

<span style=""color:red"">However, when it comes to medications, their interactions, and their effects on other health conditions, it's typically best to speak with your healthcare provider such as your ophthalmologist, or a pharmacist.</span> They would have detailed knowledge about your health conditions and the medications you're taking. They can provide guidance on what medications or dosages would be best for you given your overall health situation.

<span style=""color:red"">Please consult with your healthcare provider to get a complete understanding of your situation.</span>","
<span style=""color:magenta"">Levodopa and atorvastatin, two medications you mentioned, are not directly related to the progression or treatment of neovascular age-related macular degeneration (AMD).</span>

<span style=""color:magenta"">Levodopa is a medication typically used to address symptoms associated with Parkinson's disease. Atorvastatin is a statin used to lower cholesterol levels, which can reduce the risk of heart disease and stroke.</span>

Neovascular AMD, on the other hand, is a type of age-related macular degeneration that typically requires a different class of medications (Anti-VEGF agents) for treatment. These medications work by inhibiting the growth of abnormal blood vessels in the retina - a common problem in neovascular AMD.

<span style=""color:red"">It's always important to discuss your current medication regimen with your healthcare provider, as different medications can sometimes interact in unexpected ways. </span>But so far, based on what we know in current medical knowledge, Levodopa and Atorvastatin do not directly influence the progression of age-related macular degeneration. <span style=""color:red"">Please consult your healthcare provider for the most accurate and personalized information.</span>",The points that are most important are mentioned by both models. Each answer has some extra piece of information that could complete the other one.
,,,,
,,,,
,,,,
,,,,
,,,,
,,,,
,,,,
,,,,
,,,,
,,,,
,,,,
,,,,
,,,,
,,,,
,,,,
,,,,
10,I am a patient with age-related macular degeneration (AMD): is AMD contagious at all?,"<span style=""color:magenta"">No, age-related macular degeneration (AMD) is not contagious. </span> <span style=""color:purple"">It is a chronic eye disorder that causes central vision loss. AMD occurs as a result of damage to the macula, the part of the eye needed for sharp, central vision, necessary for seeing objects clearly. </span> <span style=""color:orange"">This condition is most commonly associated with aging. It's generally thought to be caused by a combination of genetic and environmental factors, </span> although the exact cause is not fully understood. If you have any more concerns about AMD, please consult your eye specialist or healthcare provider.","<span style=""color:magenta"">No, age-related macular degeneration (AMD) is not contagious. </span> <span style=""color:purple"">It is a degenerative condition associated with aging, and it affects the macula, the part of the retina responsible for sharp, central vision.</span><span style=""color:orange""> Risk factors include age, smoking, and family history among others.</span> <span style=""color:magenta"">It's not something you can catch from another person.</span>",The points that are most important are mentioned by both models. Each answer has some extra piece of information that could complete the other one.
,,,,
,,,,
,,,,
,,,,
,,,,
,,,,
,,,,
,,,,
,,,,
,,,,
,,,,
,,,,
,,,,
,,,,
,,,,
,,,,
,,,,
11,I am a patient with age-related macular degeneration (AMD): what is neovascular AMD?,"<span style=""color:magenta"">Neovascular age-related macular degeneration, also known as wet AMD, is one of the two types of age-related macular degeneration. Wet AMD occurs when new, unwanted blood vessels grow under the retina.</span> <span style=""color:blue""> These blood vessels are fragile and can leak blood and fluid, leading to macular damage. </span>This can cause rapid and severe vision loss if not treated promptly. <span style=""color:orange"">This type of AMD is less common than dry AMD, but can be more serious.</span> Symptoms of wet AMD may include visual distortions, <span style=""color:green"">reduced central vision</span>, decreased intensity or brightness of colors, and a well-defined blurry spot in your visual field. <span style=""color:red"">It's important to see a healthcare provider or a specialist like an ophthalmologist if you notice any changes in your vision</span>, as early detection and treatment can help slow the progression of the disease.","<span style=""color:magenta"">Neovascular Age-Related Macular Degeneration (AMD), also known as ""wet"" AMD, is one type of age-related macular degeneration. In this form of the disease, abnormal blood vessels grow from the choroid (a layer of blood vessels between the retina and the outer firm coat of the eye, the sclera) under and into the macular portion of the retina.</span>

This process is also called choroidal neovascularization. <span style=""color:blue"">These new blood vessels are often fragile and leak fluid and blood. This leakage causes damage and scarring of the retina, </span> <span style=""color:green"">leading to loss of central vision. </span> <span style=""color:orange"">Neovascular AMD is less common than the ""dry"" form of AMD, but it typically leads to a more rapid and severe loss of vision.</span>

<span style=""color:red"">However, it's important to remember to reach out to and address your concerns with a healthcare professional or ophthalmologist </span>for accurate information and appropriate treatment strategies.",The points that are most important are mentioned by both models. Each answer has some extra piece of information that could complete the other one.
,,,,
,,,,
,,,,
,,,,
,,,,
,,,,
,,,,
,,,,
,,,,
,,,,
,,,,
,,,,
,,,,
,,,,
,,,,
,,,,
,,,,
,,,,
,,,,
,,,,
,,,,
12,I am a patient with geographic atrophy in the right eye: how will my AMD affect my vision now and in the future?,"<span style=""color:magenta"">Geographic atrophy is a form of advanced dry age-related macular degeneration (AMD), which may lead to a gradual loss of central vision over time. </span> <span style=""color:orange"">As the disease progresses, you may notice blurriness or dark spots in the center of your visual field, </span> <span style=""color:purple"">difficulty recognizing faces, or trouble with activities that require detailed vision like reading, or needlework. However, it typically does not affect peripheral vision.</span>

In the future, the pace at which the disease progresses can vary significantly from one person to another. Some people may experience relatively stable vision for many years, while others may notice a faster decline. It's also important to note that having AMD in one eye raises the risk of developing the condition in the other eye.

However, please remember that while this is a general explanation, only your eye doctor can provide a more accurate prognosis based on your personal circumstances, state of the condition, age, overall health, and other factors. <span style=""color:red"">Therefore, sustained communication with your doctor regarding your vision changes is crucial in managing this condition effectively.</span>","<span style=""color:magenta"">Age-related macular degeneration (AMD), specifically geographic atrophy, primarily affects the central vision. When the disease progresses, it can lead to a gradual loss of central vision</span>, both distance and close-up. <span style=""color:purple"">This type of vision is necessary for sharp, detailed activities such as reading, driving, and recognizing faces. Peripheral or side vision usually isn't affected.</span>

In the early stages, you may not notice any vision loss. <span style=""color:orange"">However, as the disease progresses, you may begin to notice that your central vision is distorted or blurry, or there may be a dark or empty area in the middle of your field of vision.</span> In more advanced stages, the degradation can become more noticeable leading to significant loss of central vision.

Regular monitoring and keeping your regular appointments with your ophthalmologist are extremely important to take the correct actions if the disease begins to progress or if there are any changes in your vision.

Utilizing low vision aids, like magnifying glasses or high-contrast reading materials, may be helpful for performing daily activities going forward. <span style=""color:red"">Please consult with your doctors for personalized management strategies.</span> There's ongoing research on treatments but currently, there's no cure that can completely reverse the impact of the disease. Remember, any sudden changes in vision warrant immediate medical attention.",The points that are most important are mentioned by both models. Each answer has some extra piece of information that could complete the other one.